Artist,State/Province,Country
At The Drive-In,TX,US
Sparta,TX,US
Refused,SE,SE
Sunny Day Real Estate,WA,US
The Mars Volta,TX,US
Fall of Troy,WA,US
GlassJaw,NY,US
Jawbox,DC,US
Far,CA,US
Rival Schools,NY,US
These Arms Are Snakes,WA,US
The Blood Brothers,WA,US
Cursive,NE,US
...And You Will Know Us by the Trail of Dead,TX,US
Failure,CA,US
Cave In,MA,US
Alexisonfire,ON,CA
Drive Like Jehu,CA,US
Brand New,NY,US
Hum,IL,US
Viagra Boys,SE,SE
Jesse Welles,AK,US
Amyl and The Sniffers,VI,AU
PUP,ON,CA
King Gizzard & The Lizard Wizard,VI,AU
Mannequin Pussy,PA,US
Teen Mortgage,DC,US
Destroy Boys,CA,US
Psychedelic Porn Crumpets,WA,AU
Wine Lips,ON,CA
Die Spitz,TX,US
Playboy Manbaby,AZ,US
Ecca Vandal,VI,AU
Rocket,CA,US
The Boojums,NS,CA
SOFT PLAY,GB,GB
Strawberry Fuzz,CA,US
Dead Pioneers,CO,US
Crab Action,VA,US
CHRIS CASEY,GA,US
Pink Fuzz,CO,US
Geordie Greep,GB,GB
FIDLAR,CA,US
Lambrini Girls,GB,GB
STIFF RICHARDS,VI,AU
Friends In Real Life,AZ,US
The Sketch,TX,US
The Chats,QLD,AU
Death by Unga Bunga,NO,NO
The Arrogant Sons of Bitches,NY,US
BAD OPERATION,LA,US
The Suicide Machines,MI,US
Bandits of the Acoustic Revolution,US,US
Hans Gruber and the Die Hards,TX,US
Flying Raccoon Suit,MI,US
The Aquabats!,CA,US
Streetlight Manifesto,NJ,US
Catch 22,NJ,US
We Are The Union,US,US
The Mighty Mighty Bosstones,MA,US
The Flaming Tsunamis,CT,US
Joystick!,LA,US
Less Than Jake,FL,US
Kill Lincoln,DC,US
Skatune Network,FL,US
Dance Hall Crashers,CA,US
Jeff Rosenstock,NY,US
Half Past Two,CA,US
Choking Victim,NY,US
Infamous Jake & The Pinstripe Mafia,MA,US
Omnigone,CA,US
Blue Meanies,IL,US
Bruce Lee band,CA,US
The Best Of The Worst,NJ,US
